product_RICA_CODE,product_name,label,match,mean,sd,practice,n_matched,mean_diff_match,pval_pttest
121,Triticale,AB,Triticale__AB,0.110357070562141,0.0431548601185603,BVI_ha,32,-0.0969091544744455,1.14597700927418e-08
121,Triticale,Conventionnel,Triticale__AB,0.200993102083569,0.0769879049335722,BVI_ha,90,NA,NA
121,Triticale,AB,Triticale__AB,3.85897274700197e-05,2.5704468560973e-05,BVI_kg,32,-6.88883573147817e-06,0.161906612115005
121,Triticale,Conventionnel,Triticale__AB,4.50986720236243e-05,2.55657542048494e-05,BVI_kg,90,NA,NA
121,Triticale,AB,Triticale__AB,53.1300435953723,50.8307836791171,A.3.1_max,32,4.62247746635322,0.649720835105774
121,Triticale,Conventionnel,Triticale__AB,44.0598783380124,53.6490128011354,A.3.1_max,90,NA,NA
121,Triticale,AB,Triticale__AB,228.015141157098,219.22415117463,A.4.5_max,32,-65.3980802617381,0.126004045272576
121,Triticale,Conventionnel,Triticale__AB,288.021471689051,122.085772664231,A.4.5_max,90,NA,NA
121,Triticale,AB,Triticale__AB,0,0,A.4.5_min_max,32,-98.9415108063269,2.19951928151475e-12
121,Triticale,Conventionnel,Triticale__AB,96.4050351517046,57.7107126603609,A.4.5_min_max,90,NA,NA
121,Triticale,AB,Triticale__AB,229.508641991039,223.008873715136,A.4.5_org_max,32,36.2125629972965,0.369982703463549
121,Triticale,Conventionnel,Triticale__AB,191.431956257911,117.062330633056,A.4.5_org_max,90,NA,NA
121,Triticale,AB,Triticale__AB,3.03030672286274,9.4222561849856,A.5.1_max,32,-78.2928078739735,5.53887208403284e-12
121,Triticale,Conventionnel,Triticale__AB,76.7030580886402,53.7604622792821,A.5.1_max,90,NA,NA
121,Triticale,AB,Triticale__AB,3385.66048780871,1312.14494458608,yield,32,-1697.32530903721,2.2996415086086e-07
121,Triticale,Conventionnel,Triticale__AB,4987.45932482937,1612.95569390161,yield,90,NA,NA
milk,Conventionnel,Conventionnel,NA__Munster,0.151520599169384,0.0264487570040852,BVI_ha,114,NA,NA
milk,Munster,Munster,NA__Munster,0.159008823474085,0.0338764505789183,BVI_ha,38,0.00748822430470135,0.133611006832414
milk,Conventionnel,Conventionnel,NA__Munster,6.50153021120695e-05,1.60724157321662e-05,BVI_kg,114,NA,NA
milk,Munster,Munster,NA__Munster,6.56313788590428e-05,1.4898425774439e-05,BVI_kg,38,6.16076746973313e-07,0.816350157848305
milk,Conventionnel,Conventionnel,NA__Munster,1.02785169202754,0.344869714154383,cow_pMFA,114,NA,NA
milk,Munster,Munster,NA__Munster,1.08962964882584,0.375573143060172,cow_pMFA,38,0.0617779567983005,0.376027069816065
milk,Conventionnel,Conventionnel,NA__Munster,0.636272137032914,0.1171808792904,feed_autonomy,114,NA,NA
milk,Munster,Munster,NA__Munster,0.608867281744511,0.135764946217768,feed_autonomy,38,-0.0274048552884032,0.22649483741027
milk,Conventionnel,Conventionnel,NA__Munster,0.346617788092176,0.147590857285013,grassland_share_pseudofarm,114,NA,NA
milk,Munster,Munster,NA__Munster,0.314387162115773,0.147940461940296,grassland_share_pseudofarm,38,-0.0322306259764033,0.128010323915408
milk,Conventionnel,Conventionnel,NA__Munster,0.0392970067393899,0.0410749464193833,ha_temp_pasture_pha_pseudofarm,114,NA,NA
milk,Munster,Munster,NA__Munster,0.0566544605792332,0.0622612446656787,ha_temp_pasture_pha_pseudofarm,38,0.0148431834251686,0.390746439349484
milk,Conventionnel,Conventionnel,NA__Munster,2532.22509846721,1084.62433147617,kg_DM_panim_maize_produced,114,NA,NA
milk,Munster,Munster,NA__Munster,2695.21379881795,1065.5365864616,kg_DM_panim_maize_produced,38,219.080740806436,0.327046573126498
milk,Conventionnel,Conventionnel,NA__Munster,1.0598791725719,0.286614254525041,MFA_pcow,114,NA,NA
milk,Munster,Munster,NA__Munster,1.00664276922316,0.278622763992415,MFA_pcow,38,-0.0532364033487412,0.286041386833165
milk,Conventionnel,Conventionnel,NA__Munster,0.476234182227361,0.132094656684691,MFA_pha_pseudofarm,114,NA,NA
milk,Munster,Munster,NA__Munster,0.447977998914476,0.157260107145006,MFA_pha_pseudofarm,38,-0.0282561833128845,0.239887874191568
milk,Conventionnel,Conventionnel,NA__Munster,0.460746489485645,0.110174123446743,nb_cow_pha,114,NA,NA
milk,Munster,Munster,NA__Munster,0.452728615040803,0.112510039751247,nb_cow_pha,38,-0.00801787444484187,0.665519289859053
milk,Conventionnel,Conventionnel,NA__Munster,0.389089559570931,0.117734399310313,share_concent,114,NA,NA
milk,Munster,Munster,NA__Munster,0.425213315514156,0.129868087074038,share_concent,38,0.0361237559432245,0.0863102516980648
milk,Conventionnel,Conventionnel,NA__Munster,0.0584154307295704,0.019738696835999,share_soybean,114,NA,NA
milk,Munster,Munster,NA__Munster,0.0648110385039017,0.0235442298808973,share_soybean,38,0.00639560777433123,0.0895765060640153
milk,Conventionnel,Conventionnel,NA__Munster,7063.46100279471,1441.21851237903,yield_l_panim,114,NA,NA
milk,Munster,Munster,NA__Munster,6928.75442367171,1670.9730781754,yield_l_panim,38,-134.706579123,0.652089949273865
milk,Conventionnel,Conventionnel,NA__Munster,3193.1786267621,796.611468936335,yield_l_pha,114,NA,NA
milk,Munster,Munster,NA__Munster,3075.57858804256,811.731450143864,yield_l_pha,38,-117.600038719536,0.447386312075289
milk,Conventionnel,Conventionnel,NA__Munster,89.0650957589741,89.8999018683256,feed_A.3.1_max,114,NA,NA
milk,Munster,Munster,NA__Munster,103.720753228436,91.3764074994515,feed_A.3.1_max,38,14.294637291785,0.001277496854158
milk,Conventionnel,Conventionnel,NA__Munster,337.390863242446,222.739410094306,feed_A.4.5_max,114,NA,NA
milk,Munster,Munster,NA__Munster,342.408811154237,220.210643989849,feed_A.4.5_max,38,6.91510831549034,0.32541695840673
milk,Conventionnel,Conventionnel,NA__Munster,131.351323521725,82.0989217470529,feed_A.4.5_min_max,114,NA,NA
milk,Munster,Munster,NA__Munster,127.189694863423,84.3854238869559,feed_A.4.5_min_max,38,-3.6001604915131,0.523390569030057
milk,Conventionnel,Conventionnel,NA__Munster,237.140565083906,261.547685208185,feed_A.4.5_org_max,114,NA,NA
milk,Munster,Munster,NA__Munster,248.694676979682,261.449959366047,feed_A.4.5_org_max,38,14.3326740484003,0.0523531888532307
milk,Conventionnel,Conventionnel,NA__Munster,174.195464338447,181.34501525283,feed_A.5.1_max,114,NA,NA
milk,Munster,Munster,NA__Munster,164.385421517359,189.473551840785,feed_A.5.1_max,38,-4.48228624096054,0.490010895689129
milk,Conventionnel,Conventionnel,NA__Munster,6283.53745308486,2978.55436737324,feed_yield,114,NA,NA
milk,Munster,Munster,NA__Munster,6258.3459978073,2976.7978856061,feed_yield,38,-42.4719702541407,0.703814188534882
milk,Conventionnel,Conventionnel,NA__Fromages de Savoie,0.145506035061644,0.0341208185211991,BVI_ha,90,NA,NA
milk,Fromages de Savoie,Fromages de Savoie,NA__Fromages de Savoie,0.138817911630073,0.0305825333761264,BVI_ha,30,-0.00668812343157099,0.274464495868683
milk,Conventionnel,Conventionnel,NA__Fromages de Savoie,6.08838668496519e-05,1.56240893223095e-05,BVI_kg,90,NA,NA
milk,Fromages de Savoie,Fromages de Savoie,NA__Fromages de Savoie,6.29922029748945e-05,1.9268488478603e-05,BVI_kg,30,2.10833612524266e-06,0.615303569772691
milk,Conventionnel,Conventionnel,NA__Fromages de Savoie,0.963754545447342,0.275051526772947,cow_pMFA,90,NA,NA
milk,Fromages de Savoie,Fromages de Savoie,NA__Fromages de Savoie,0.917899375850844,0.220854538465548,cow_pMFA,30,-0.0458551695964982,0.304657427736666
milk,Conventionnel,Conventionnel,NA__Fromages de Savoie,0.604316578616118,0.130424133803347,feed_autonomy,90,NA,NA
milk,Fromages de Savoie,Fromages de Savoie,NA__Fromages de Savoie,0.639952925334494,0.163566511120443,feed_autonomy,30,0.0356363467183762,0.297937296077593
milk,Conventionnel,Conventionnel,NA__Fromages de Savoie,0.343834159485528,0.164655005149723,grassland_share_pseudofarm,90,NA,NA
milk,Fromages de Savoie,Fromages de Savoie,NA__Fromages de Savoie,0.360226459063503,0.186352694685696,grassland_share_pseudofarm,30,0.0163922995779748,0.667037910711999
milk,Conventionnel,Conventionnel,NA__Fromages de Savoie,0.10120720757388,0.0841291069880993,ha_temp_pasture_pha_pseudofarm,90,NA,NA
milk,Fromages de Savoie,Fromages de Savoie,NA__Fromages de Savoie,0.145405956302344,0.137524583552427,ha_temp_pasture_pha_pseudofarm,30,0.0393589687025531,0.166382416112411
milk,Conventionnel,Conventionnel,NA__Fromages de Savoie,1950.16496010839,913.202650536339,kg_DM_panim_maize_produced,90,NA,NA
milk,Fromages de Savoie,Fromages de Savoie,NA__Fromages de Savoie,1051.26765520905,772.215182686531,kg_DM_panim_maize_produced,30,-898.0122283164,0.000209561933161446
milk,Conventionnel,Conventionnel,NA__Fromages de Savoie,1.12775588387751,0.344868000918409,MFA_pcow,90,NA,NA
milk,Fromages de Savoie,Fromages de Savoie,NA__Fromages de Savoie,1.14563286746988,0.254368784636062,MFA_pcow,30,0.0178769835923687,0.722415459667687
milk,Conventionnel,Conventionnel,NA__Fromages de Savoie,0.504951262140149,0.135834405595431,MFA_pha_pseudofarm,90,NA,NA
milk,Fromages de Savoie,Fromages de Savoie,NA__Fromages de Savoie,0.52524942318526,0.155634705623717,MFA_pha_pseudofarm,30,0.0202981610451112,0.538215234933167
milk,Conventionnel,Conventionnel,NA__Fromages de Savoie,0.462252815363282,0.109310886852632,nb_cow_pha,90,NA,NA
milk,Fromages de Savoie,Fromages de Savoie,NA__Fromages de Savoie,0.478055239848422,0.173247795355814,nb_cow_pha,30,0.0158024244851407,0.649183170519076
milk,Conventionnel,Conventionnel,NA__Fromages de Savoie,0.418192155297328,0.124463396299738,share_concent,90,NA,NA
milk,Fromages de Savoie,Fromages de Savoie,NA__Fromages de Savoie,0.375113342113464,0.132182392961516,share_concent,30,-0.0430788131838638,0.141469702232378
milk,Conventionnel,Conventionnel,NA__Fromages de Savoie,0.0614644379788276,0.0222674055741255,share_soybean,90,NA,NA
milk,Fromages de Savoie,Fromages de Savoie,NA__Fromages de Savoie,0.0572635387881356,0.0248538595245033,share_soybean,30,-0.00420089919069193,0.441005200450389
milk,Conventionnel,Conventionnel,NA__Fromages de Savoie,6385.6985472365,1794.74509194342,yield_l_panim,90,NA,NA
milk,Fromages de Savoie,Fromages de Savoie,NA__Fromages de Savoie,6439.99726274548,1733.27079938107,yield_l_panim,30,54.2987155089766,0.894829490325626
milk,Conventionnel,Conventionnel,NA__Fromages de Savoie,2894.42062382582,919.944444223911,yield_l_pha,90,NA,NA
milk,Fromages de Savoie,Fromages de Savoie,NA__Fromages de Savoie,2848.82237856367,663.995399886585,yield_l_pha,30,-45.5982452621516,0.807164912289011
milk,Conventionnel,Conventionnel,NA__Fromages de Savoie,92.9235570089444,90.4489034250039,feed_A.3.1_max,90,NA,NA
milk,Fromages de Savoie,Fromages de Savoie,NA__Fromages de Savoie,87.2504217430084,92.3161577727545,feed_A.3.1_max,30,-2.6873445394399,0.517146469261454
milk,Conventionnel,Conventionnel,NA__Fromages de Savoie,322.189408833087,212.688571941829,feed_A.4.5_max,90,NA,NA
milk,Fromages de Savoie,Fromages de Savoie,NA__Fromages de Savoie,339.41529511155,223.183739988655,feed_A.4.5_max,30,19.8513321026012,0.0340517729313846
milk,Conventionnel,Conventionnel,NA__Fromages de Savoie,116.136489060787,80.2595238531566,feed_A.4.5_min_max,90,NA,NA
milk,Fromages de Savoie,Fromages de Savoie,NA__Fromages de Savoie,103.420072522023,83.7353191571481,feed_A.4.5_min_max,30,-10.8512614789266,0.0819311730270857
milk,Conventionnel,Conventionnel,NA__Fromages de Savoie,238.137787761565,250.190228268052,feed_A.4.5_org_max,90,NA,NA
milk,Fromages de Savoie,Fromages de Savoie,NA__Fromages de Savoie,270.688140535493,256.969724667137,feed_A.4.5_org_max,30,34.4430178774578,0.00139409875367669
milk,Conventionnel,Conventionnel,NA__Fromages de Savoie,160.013097684342,192.902423132254,feed_A.5.1_max,90,NA,NA
milk,Fromages de Savoie,Fromages de Savoie,NA__Fromages de Savoie,148.304815771396,200.599723563842,feed_A.5.1_max,30,-6.58426697358384,0.411761693180095
milk,Conventionnel,Conventionnel,NA__Fromages de Savoie,5759.3997936565,2680.84189158432,feed_yield,90,NA,NA
milk,Fromages de Savoie,Fromages de Savoie,NA__Fromages de Savoie,5975.61383857743,2762.48902501642,feed_yield,30,146.209664462899,0.293631593327815
milk,Comte - Morbier,Comte - Morbier,NA__Comte - Morbier,0.124786679333308,0.0228311738525847,BVI_ha,41,-0.0158314041083318,0.00377526395470232
milk,Conventionnel,Conventionnel,NA__Comte - Morbier,0.141676468868359,0.029556137716381,BVI_ha,73,NA,NA
milk,Comte - Morbier,Comte - Morbier,NA__Comte - Morbier,6.31280337340339e-05,1.45944062185066e-05,BVI_kg,41,5.08281985512301e-06,0.0822814484421915
milk,Conventionnel,Conventionnel,NA__Comte - Morbier,5.89955901949094e-05,1.69627807472732e-05,BVI_kg,73,NA,NA
milk,Comte - Morbier,Comte - Morbier,NA__Comte - Morbier,0.674613862381223,0.12190789844861,cow_pMFA,41,-0.257985309313906,1.83348015330525e-09
milk,Conventionnel,Conventionnel,NA__Comte - Morbier,0.953779949816959,0.288571967688517,cow_pMFA,73,NA,NA
milk,Comte - Morbier,Comte - Morbier,NA__Comte - Morbier,0.670948689959486,0.0965075353213697,feed_autonomy,41,0.0122368195458653,0.551083608378728
milk,Conventionnel,Conventionnel,NA__Comte - Morbier,0.652047545181572,0.118832335632025,feed_autonomy,73,NA,NA
milk,Comte - Morbier,Comte - Morbier,NA__Comte - Morbier,0.460035830355127,0.173709273549644,grassland_share_pseudofarm,41,0.0759359163653376,0.02445526493191
milk,Conventionnel,Conventionnel,NA__Comte - Morbier,0.373259242988751,0.164809644936688,grassland_share_pseudofarm,73,NA,NA
milk,Comte - Morbier,Comte - Morbier,NA__Comte - Morbier,0.169044528272054,0.143537492478928,ha_temp_pasture_pha_pseudofarm,41,0.0884451386089617,0.00385224774549433
milk,Conventionnel,Conventionnel,NA__Comte - Morbier,0.0755076296831437,0.0959329177495398,ha_temp_pasture_pha_pseudofarm,73,NA,NA
milk,Comte - Morbier,Comte - Morbier,NA__Comte - Morbier,458.003462307133,218.941804850554,kg_DM_panim_maize_produced,41,-1978.65636467018,3.4569518998676e-06
milk,Conventionnel,Conventionnel,NA__Comte - Morbier,2168.00953981676,1114.42067854755,kg_DM_panim_maize_produced,73,NA,NA
milk,Comte - Morbier,Comte - Morbier,NA__Comte - Morbier,1.53053209685348,0.282957709098132,MFA_pcow,41,0.371164308248926,1.42051924312483e-07
milk,Conventionnel,Conventionnel,NA__Comte - Morbier,1.14043879032202,0.377912932555065,MFA_pcow,73,NA,NA
milk,Comte - Morbier,Comte - Morbier,NA__Comte - Morbier,0.591108716229013,0.0957670176404176,MFA_pha_pseudofarm,41,0.0566828575730701,0.012774619246018
milk,Conventionnel,Conventionnel,NA__Comte - Morbier,0.526508113855621,0.128308546153688,MFA_pha_pseudofarm,73,NA,NA
milk,Comte - Morbier,Comte - Morbier,NA__Comte - Morbier,0.392531058743197,0.0617542339304995,nb_cow_pha,41,-0.0842227215734729,2.63404263036149e-07
milk,Conventionnel,Conventionnel,NA__Comte - Morbier,0.479110165164353,0.105832318773181,nb_cow_pha,73,NA,NA
milk,Comte - Morbier,Comte - Morbier,NA__Comte - Morbier,0.334087019286993,0.0846392594928677,share_concent,41,-0.0138325918876695,0.488024067628373
milk,Conventionnel,Conventionnel,NA__Comte - Morbier,0.354890541780885,0.105998071675796,share_concent,73,NA,NA
milk,Comte - Morbier,Comte - Morbier,NA__Comte - Morbier,0.0506792037238152,0.0157500147913057,share_soybean,41,-0.00168562405022068,0.628067386223375
milk,Conventionnel,Conventionnel,NA__Comte - Morbier,0.0532196180286005,0.0186865685092555,share_soybean,73,NA,NA
milk,Comte - Morbier,Comte - Morbier,NA__Comte - Morbier,6665.55540808162,1056.15594844303,yield_l_panim,41,-246.969501849493,0.351569285290246
milk,Conventionnel,Conventionnel,NA__Comte - Morbier,6782.8735588699,1510.68191133631,yield_l_panim,73,NA,NA
milk,Comte - Morbier,Comte - Morbier,NA__Comte - Morbier,2589.56843647016,451.547853483686,yield_l_pha,41,-645.72476698095,1.44264693217947e-06
milk,Conventionnel,Conventionnel,NA__Comte - Morbier,3188.93352295965,789.254554072204,yield_l_pha,73,NA,NA
milk,Comte - Morbier,Comte - Morbier,NA__Comte - Morbier,82.68693803441,95.3462631037662,feed_A.3.1_max,41,-1.36387037615814,0.607545077522803
milk,Conventionnel,Conventionnel,NA__Comte - Morbier,83.5721494205162,89.0685193005137,feed_A.3.1_max,73,NA,NA
milk,Comte - Morbier,Comte - Morbier,NA__Comte - Morbier,319.026915101573,214.443481499923,feed_A.4.5_max,41,-7.52184117898756,0.329423475979809
milk,Conventionnel,Conventionnel,NA__Comte - Morbier,323.414806111201,215.852215510109,feed_A.4.5_max,73,NA,NA
milk,Comte - Morbier,Comte - Morbier,NA__Comte - Morbier,109.259606208824,79.2145446997889,feed_A.4.5_min_max,41,-6.48129704581181,0.0830343363028777
milk,Conventionnel,Conventionnel,NA__Comte - Morbier,115.376627373931,78.1263187635341,feed_A.4.5_min_max,73,NA,NA
milk,Comte - Morbier,Comte - Morbier,NA__Comte - Morbier,244.219679125546,250.133518203145,feed_A.4.5_org_max,41,4.37731164642226,0.557063542460691
milk,Conventionnel,Conventionnel,NA__Comte - Morbier,237.657029231234,249.536503028121,feed_A.4.5_org_max,73,NA,NA
milk,Comte - Morbier,Comte - Morbier,NA__Comte - Morbier,172.451536133239,195.154868928909,feed_A.5.1_max,41,7.04292051068464,0.171024327281904
milk,Conventionnel,Conventionnel,NA__Comte - Morbier,164.889004207396,180.41777816029,feed_A.5.1_max,73,NA,NA
milk,Comte - Morbier,Comte - Morbier,NA__Comte - Morbier,5812.2388966837,2860.89952409653,feed_yield,41,-527.154670482923,0.000106790947844466
milk,Conventionnel,Conventionnel,NA__Comte - Morbier,6236.71553599654,2957.58795262115,feed_yield,73,NA,NA
milk,Bleu d'Auvergne - Cantal,Bleu d'Auvergne - Cantal,NA__Bleu d'Auvergne - Cantal,0.136470233663814,0.0313561344272389,BVI_ha,43,-0.00679345953401568,0.329998520390813
milk,Conventionnel,Conventionnel,NA__Bleu d'Auvergne - Cantal,0.143585693280776,0.036133456319734,BVI_ha,106,NA,NA
milk,Bleu d'Auvergne - Cantal,Bleu d'Auvergne - Cantal,NA__Bleu d'Auvergne - Cantal,6.03423331428315e-05,1.29312276820732e-05,BVI_kg,43,-3.61505769716856e-07,0.880356275299737
milk,Conventionnel,Conventionnel,NA__Bleu d'Auvergne - Cantal,6.07025287052356e-05,1.5787346960147e-05,BVI_kg,106,NA,NA
milk,Bleu d'Auvergne - Cantal,Bleu d'Auvergne - Cantal,NA__Bleu d'Auvergne - Cantal,0.873972277000037,0.218715195190897,cow_pMFA,43,-0.0716690980875042,0.123264020912039
milk,Conventionnel,Conventionnel,NA__Bleu d'Auvergne - Cantal,0.946412681870941,0.292378161819088,cow_pMFA,106,NA,NA
milk,Bleu d'Auvergne - Cantal,Bleu d'Auvergne - Cantal,NA__Bleu d'Auvergne - Cantal,0.621124999835837,0.129780470751322,feed_autonomy,43,0.00423488584265136,0.881917662125634
milk,Conventionnel,Conventionnel,NA__Bleu d'Auvergne - Cantal,0.613992766900091,0.136167691888507,feed_autonomy,106,NA,NA
milk,Bleu d'Auvergne - Cantal,Bleu d'Auvergne - Cantal,NA__Bleu d'Auvergne - Cantal,0.388871195737118,0.174996967640996,grassland_share_pseudofarm,43,0.0468278684052528,0.160151096955697
milk,Conventionnel,Conventionnel,NA__Bleu d'Auvergne - Cantal,0.341464927778018,0.166638775344205,grassland_share_pseudofarm,106,NA,NA
milk,Bleu d'Auvergne - Cantal,Bleu d'Auvergne - Cantal,NA__Bleu d'Auvergne - Cantal,0.133076757071323,0.0993197531889616,ha_temp_pasture_pha_pseudofarm,43,0.0120712189140779,0.544370404876391
milk,Conventionnel,Conventionnel,NA__Bleu d'Auvergne - Cantal,0.114758493682909,0.0982034074185796,ha_temp_pasture_pha_pseudofarm,106,NA,NA
milk,Bleu d'Auvergne - Cantal,Bleu d'Auvergne - Cantal,NA__Bleu d'Auvergne - Cantal,1067.79408323201,489.650018129844,kg_DM_panim_maize_produced,43,-851.879114480213,1.96299535506772e-05
milk,Conventionnel,Conventionnel,NA__Bleu d'Auvergne - Cantal,1947.59880631228,1019.48020432289,kg_DM_panim_maize_produced,106,NA,NA
milk,Bleu d'Auvergne - Cantal,Bleu d'Auvergne - Cantal,NA__Bleu d'Auvergne - Cantal,1.22064578120294,0.321797697949058,MFA_pcow,43,0.0634276571015283,0.302024120474078
milk,Conventionnel,Conventionnel,NA__Bleu d'Auvergne - Cantal,1.16295899298851,0.383240500400362,MFA_pcow,106,NA,NA
milk,Bleu d'Auvergne - Cantal,Bleu d'Auvergne - Cantal,NA__Bleu d'Auvergne - Cantal,0.552076400384906,0.126671599261722,MFA_pha_pseudofarm,43,0.0325209701916481,0.256925256145552
milk,Conventionnel,Conventionnel,NA__Bleu d'Auvergne - Cantal,0.516457472803712,0.142960615461981,MFA_pha_pseudofarm,106,NA,NA
milk,Bleu d'Auvergne - Cantal,Bleu d'Auvergne - Cantal,NA__Bleu d'Auvergne - Cantal,0.46529529963624,0.0908315102361514,nb_cow_pha,43,0.00107457842481546,0.94411734934891
milk,Conventionnel,Conventionnel,NA__Bleu d'Auvergne - Cantal,0.460098764070936,0.108856046524203,nb_cow_pha,106,NA,NA
milk,Bleu d'Auvergne - Cantal,Bleu d'Auvergne - Cantal,NA__Bleu d'Auvergne - Cantal,0.359003977269238,0.13407110019526,share_concent,43,-0.0455199532896786,0.0954414219228333
milk,Conventionnel,Conventionnel,NA__Bleu d'Auvergne - Cantal,0.408116091531615,0.128957672332389,share_concent,106,NA,NA
milk,Bleu d'Auvergne - Cantal,Bleu d'Auvergne - Cantal,NA__Bleu d'Auvergne - Cantal,0.0535716594783771,0.0217974623865165,share_soybean,43,-0.00566162314357661,0.221598090842568
milk,Conventionnel,Conventionnel,NA__Bleu d'Auvergne - Cantal,0.0600082920848928,0.0230362931516248,share_soybean,106,NA,NA
milk,Bleu d'Auvergne - Cantal,Bleu d'Auvergne - Cantal,NA__Bleu d'Auvergne - Cantal,6399.98745736788,1500.64651071521,yield_l_panim,43,144.585977162253,0.596528073319938
milk,Conventionnel,Conventionnel,NA__Bleu d'Auvergne - Cantal,6299.58356862327,1808.14362397992,yield_l_panim,106,NA,NA
milk,Bleu d'Auvergne - Cantal,Bleu d'Auvergne - Cantal,NA__Bleu d'Auvergne - Cantal,2955.58026739284,889.501440276822,yield_l_pha,43,100.460393021351,0.489187169692382
milk,Conventionnel,Conventionnel,NA__Bleu d'Auvergne - Cantal,2849.04673858183,942.903294656088,yield_l_pha,106,NA,NA
milk,Bleu d'Auvergne - Cantal,Bleu d'Auvergne - Cantal,NA__Bleu d'Auvergne - Cantal,92.9609397005949,90.8297822198044,feed_A.3.1_max,43,0.715629041866059,0.807106199602683
milk,Conventionnel,Conventionnel,NA__Bleu d'Auvergne - Cantal,92.2945567271436,90.82691560909,feed_A.3.1_max,106,NA,NA
milk,Bleu d'Auvergne - Cantal,Bleu d'Auvergne - Cantal,NA__Bleu d'Auvergne - Cantal,349.230436368797,219.711215519234,feed_A.4.5_max,43,27.6298871517695,0.000892050608369258
milk,Conventionnel,Conventionnel,NA__Bleu d'Auvergne - Cantal,320.476254745611,213.937691146713,feed_A.4.5_max,106,NA,NA
milk,Bleu d'Auvergne - Cantal,Bleu d'Auvergne - Cantal,NA__Bleu d'Auvergne - Cantal,116.015242784982,81.5452402393975,feed_A.4.5_min_max,43,0.707023535703428,0.886057344424227
milk,Conventionnel,Conventionnel,NA__Bleu d'Auvergne - Cantal,115.808801504637,80.2267336749762,feed_A.4.5_min_max,106,NA,NA
milk,Bleu d'Auvergne - Cantal,Bleu d'Auvergne - Cantal,NA__Bleu d'Auvergne - Cantal,266.506670979658,257.866959359942,feed_A.4.5_org_max,43,28.9600947775966,4.45018339109932e-05
milk,Conventionnel,Conventionnel,NA__Bleu d'Auvergne - Cantal,236.922197479004,250.812172920897,feed_A.4.5_org_max,106,NA,NA
milk,Bleu d'Auvergne - Cantal,Bleu d'Auvergne - Cantal,NA__Bleu d'Auvergne - Cantal,150.632751057058,200.534470592696,feed_A.5.1_max,43,-2.95469984403646,0.614643171628726
milk,Conventionnel,Conventionnel,NA__Bleu d'Auvergne - Cantal,158.361446736072,193.795887877664,feed_A.5.1_max,106,NA,NA
milk,Bleu d'Auvergne - Cantal,Bleu d'Auvergne - Cantal,NA__Bleu d'Auvergne - Cantal,5947.49859258428,2875.78566492894,feed_yield,43,146.294160979623,0.173915171741799
milk,Conventionnel,Conventionnel,NA__Bleu d'Auvergne - Cantal,5737.20443675925,2698.29723445531,feed_yield,106,NA,NA
milk,Beurre de Charentes-Poitou,Beurre de Charentes-Poitou,NA__Beurre de Charentes-Poitou,0.169916878996856,0.0350689167979069,BVI_ha,60,-0.0041691456624182,0.477190053278506
milk,Conventionnel,Conventionnel,NA__Beurre de Charentes-Poitou,0.178018315536127,0.030971804100616,BVI_ha,107,NA,NA
milk,Beurre de Charentes-Poitou,Beurre de Charentes-Poitou,NA__Beurre de Charentes-Poitou,6.25279449836625e-05,1.44747100598185e-05,BVI_kg,60,-4.33609315489512e-06,0.101231620882366
milk,Conventionnel,Conventionnel,NA__Beurre de Charentes-Poitou,6.60268384980768e-05,1.81795212684747e-05,BVI_kg,107,NA,NA
milk,Beurre de Charentes-Poitou,Beurre de Charentes-Poitou,NA__Beurre de Charentes-Poitou,1.27665764977449,0.773043283148406,cow_pMFA,60,0.021710437257353,0.859055542698213
milk,Conventionnel,Conventionnel,NA__Beurre de Charentes-Poitou,1.25481016759016,0.521182788594103,cow_pMFA,107,NA,NA
milk,Beurre de Charentes-Poitou,Beurre de Charentes-Poitou,NA__Beurre de Charentes-Poitou,0.634335533322689,0.136936289020944,feed_autonomy,60,0.0289225385346946,0.25263200468874
milk,Conventionnel,Conventionnel,NA__Beurre de Charentes-Poitou,0.621847404301962,0.146606120978969,feed_autonomy,107,NA,NA
milk,Beurre de Charentes-Poitou,Beurre de Charentes-Poitou,NA__Beurre de Charentes-Poitou,0.161872580393268,0.129821701538251,grassland_share_pseudofarm,60,-0.0157732602829156,0.547799100712974
milk,Conventionnel,Conventionnel,NA__Beurre de Charentes-Poitou,0.153263453886217,0.147061949565749,grassland_share_pseudofarm,107,NA,NA
milk,Beurre de Charentes-Poitou,Beurre de Charentes-Poitou,NA__Beurre de Charentes-Poitou,0.144712165362309,0.130616289230201,ha_temp_pasture_pha_pseudofarm,60,0.00781360211279468,0.731031692957402
milk,Conventionnel,Conventionnel,NA__Beurre de Charentes-Poitou,0.165087809512028,0.147081752836578,ha_temp_pasture_pha_pseudofarm,107,NA,NA
milk,Beurre de Charentes-Poitou,Beurre de Charentes-Poitou,NA__Beurre de Charentes-Poitou,3300.44418144449,1543.770093897,kg_DM_panim_maize_produced,60,139.688966358901,0.587382235628099
milk,Conventionnel,Conventionnel,NA__Beurre de Charentes-Poitou,3226.12544779422,1254.77634783275,kg_DM_panim_maize_produced,107,NA,NA
milk,Beurre de Charentes-Poitou,Beurre de Charentes-Poitou,NA__Beurre de Charentes-Poitou,0.916927270216854,0.324903655817154,MFA_pcow,60,0.0055731010168866,0.915979156322133
milk,Conventionnel,Conventionnel,NA__Beurre de Charentes-Poitou,0.901766664731959,0.292506883804157,MFA_pcow,107,NA,NA
milk,Beurre de Charentes-Poitou,Beurre de Charentes-Poitou,NA__Beurre de Charentes-Poitou,0.456350579207857,0.156389221514569,MFA_pha_pseudofarm,60,0.0141593560374729,0.623562730156131
milk,Conventionnel,Conventionnel,NA__Beurre de Charentes-Poitou,0.454167625206442,0.163250857988576,MFA_pha_pseudofarm,107,NA,NA
milk,Beurre de Charentes-Poitou,Beurre de Charentes-Poitou,NA__Beurre de Charentes-Poitou,0.514698755875434,0.126657270704254,nb_cow_pha,60,0.0179748629969454,0.407634060392071
milk,Conventionnel,Conventionnel,NA__Beurre de Charentes-Poitou,0.519934254006101,0.175416716661396,nb_cow_pha,107,NA,NA
milk,Beurre de Charentes-Poitou,Beurre de Charentes-Poitou,NA__Beurre de Charentes-Poitou,0.373811941541337,0.147315970256791,share_concent,60,-0.0218831572797105,0.387222425967051
milk,Conventionnel,Conventionnel,NA__Beurre de Charentes-Poitou,0.380348613978822,0.150384672194729,share_concent,107,NA,NA
milk,Beurre de Charentes-Poitou,Beurre de Charentes-Poitou,NA__Beurre de Charentes-Poitou,0.0583379356776889,0.025759880881947,share_soybean,60,-0.00384062024282644,0.38745527226376
milk,Conventionnel,Conventionnel,NA__Beurre de Charentes-Poitou,0.0596181191821647,0.0256142807686242,share_soybean,107,NA,NA
milk,Beurre de Charentes-Poitou,Beurre de Charentes-Poitou,NA__Beurre de Charentes-Poitou,6968.09696767134,1767.98285556731,yield_l_panim,60,-104.577666126403,0.707682917849192
milk,Conventionnel,Conventionnel,NA__Beurre de Charentes-Poitou,7123.59226785187,1656.34651843529,yield_l_panim,107,NA,NA
milk,Beurre de Charentes-Poitou,Beurre de Charentes-Poitou,NA__Beurre de Charentes-Poitou,3477.75241166549,933.936792658471,yield_l_pha,60,87.4688898188805,0.490653102178546
milk,Conventionnel,Conventionnel,NA__Beurre de Charentes-Poitou,3583.11336046553,1239.30372586038,yield_l_pha,107,NA,NA
milk,Beurre de Charentes-Poitou,Beurre de Charentes-Poitou,NA__Beurre de Charentes-Poitou,90.6215292214855,89.3092217155591,feed_A.3.1_max,60,-7.19842258583776,0.0420986391567267
milk,Conventionnel,Conventionnel,NA__Beurre de Charentes-Poitou,97.6548287390562,89.8333121910685,feed_A.3.1_max,107,NA,NA
milk,Beurre de Charentes-Poitou,Beurre de Charentes-Poitou,NA__Beurre de Charentes-Poitou,321.020411336143,219.450836419214,feed_A.4.5_max,60,-11.3662400971766,0.0761862782833259
milk,Conventionnel,Conventionnel,NA__Beurre de Charentes-Poitou,330.666876576464,217.917350990754,feed_A.4.5_max,107,NA,NA
milk,Beurre de Charentes-Poitou,Beurre de Charentes-Poitou,NA__Beurre de Charentes-Poitou,115.554705422436,81.5303536489064,feed_A.4.5_min_max,60,-3.43444015751831,0.408695537943982
milk,Conventionnel,Conventionnel,NA__Beurre de Charentes-Poitou,117.432508360125,78.7024154974156,feed_A.4.5_min_max,107,NA,NA
milk,Beurre de Charentes-Poitou,Beurre de Charentes-Poitou,NA__Beurre de Charentes-Poitou,235.858442259885,249.318486332847,feed_A.4.5_org_max,60,-9.77549377814659,0.115825480224558
milk,Conventionnel,Conventionnel,NA__Beurre de Charentes-Poitou,245.839531683648,252.908842164886,feed_A.4.5_org_max,107,NA,NA
milk,Beurre de Charentes-Poitou,Beurre de Charentes-Poitou,NA__Beurre de Charentes-Poitou,161.156468913538,186.326974243366,feed_A.5.1_max,60,-6.779826222451,0.187866362328075
milk,Conventionnel,Conventionnel,NA__Beurre de Charentes-Poitou,165.910248179922,190.678084460005,feed_A.5.1_max,107,NA,NA
milk,Beurre de Charentes-Poitou,Beurre de Charentes-Poitou,NA__Beurre de Charentes-Poitou,6514.53211017817,3119.63508115516,feed_yield,60,78.604525112899,0.454039259329548
milk,Conventionnel,Conventionnel,NA__Beurre de Charentes-Poitou,6413.66837929627,3146.17941921351,feed_yield,107,NA,NA
milk,AOP - AOC,AOP - AOC,NA__AOP - AOC,0.15441594159763,0.0376191372358028,BVI_ha,38,-0.00722657101311128,0.229503392894424
milk,Conventionnel,Conventionnel,NA__AOP - AOC,0.160560955299388,0.0329780316983491,BVI_ha,112,NA,NA
milk,AOP - AOC,AOP - AOC,NA__AOP - AOC,5.97413090022017e-05,9.73199991504046e-06,BVI_kg,38,-2.04058028904697e-06,0.439890442346218
milk,Conventionnel,Conventionnel,NA__AOP - AOC,6.08908043731929e-05,1.91455433910439e-05,BVI_kg,112,NA,NA
milk,AOP - AOC,AOP - AOC,NA__AOP - AOC,1.12216813198677,0.388270403206884,cow_pMFA,38,-0.103621472809095,0.104022941445766
milk,Conventionnel,Conventionnel,NA__AOP - AOC,1.23382585910947,0.502270666982582,cow_pMFA,112,NA,NA
milk,AOP - AOC,AOP - AOC,NA__AOP - AOC,0.64316037685887,0.112063515102308,feed_autonomy,38,0.00311623821926984,0.888763308820916
milk,Conventionnel,Conventionnel,NA__AOP - AOC,0.638577403344761,0.131648933476986,feed_autonomy,112,NA,NA
milk,AOP - AOC,AOP - AOC,NA__AOP - AOC,0.339293088102996,0.194902556022344,grassland_share_pseudofarm,38,0.0415486225871116,0.19818786825264
milk,Conventionnel,Conventionnel,NA__AOP - AOC,0.301171431844539,0.175874094787831,grassland_share_pseudofarm,112,NA,NA
milk,AOP - AOC,AOP - AOC,NA__AOP - AOC,0.0613532607532864,0.0454932222936358,ha_temp_pasture_pha_pseudofarm,38,-0.0163868949990893,0.302879842240812
milk,Conventionnel,Conventionnel,NA__AOP - AOC,0.0850316364688392,0.105636374112857,ha_temp_pasture_pha_pseudofarm,112,NA,NA
milk,AOP - AOC,AOP - AOC,NA__AOP - AOC,3060.02261527412,1027.97020708305,kg_DM_panim_maize_produced,38,-125.785743806976,0.564180686117174
milk,Conventionnel,Conventionnel,NA__AOP - AOC,3077.6943640549,1239.98973493957,kg_DM_panim_maize_produced,112,NA,NA
milk,AOP - AOC,AOP - AOC,NA__AOP - AOC,1.0141718805076,0.416764873725535,MFA_pcow,38,0.0713536136727549,0.189726251528819
milk,Conventionnel,Conventionnel,NA__AOP - AOC,0.93663538713922,0.359595516722638,MFA_pcow,112,NA,NA
milk,AOP - AOC,AOP - AOC,NA__AOP - AOC,0.499124405315099,0.154590773389127,MFA_pha_pseudofarm,38,0.0239984277950775,0.398242804257467
milk,Conventionnel,Conventionnel,NA__AOP - AOC,0.472270975213819,0.16300943965967,MFA_pha_pseudofarm,112,NA,NA
milk,AOP - AOC,AOP - AOC,NA__AOP - AOC,0.523643390686833,0.159656185338288,nb_cow_pha,38,-0.00916456020080235,0.752066231763964
milk,Conventionnel,Conventionnel,NA__AOP - AOC,0.533525736922098,0.188055112107021,nb_cow_pha,112,NA,NA
milk,AOP - AOC,AOP - AOC,NA__AOP - AOC,0.349517500708383,0.128986988541786,share_concent,38,-0.0152683431524849,0.536531031982639
milk,Conventionnel,Conventionnel,NA__AOP - AOC,0.369704960616767,0.127972988848761,share_concent,112,NA,NA
milk,AOP - AOC,AOP - AOC,NA__AOP - AOC,0.0553894930065949,0.0203924325283892,share_soybean,38,-0.00142806311101726,0.721606231586006
milk,Conventionnel,Conventionnel,NA__AOP - AOC,0.0575597465870777,0.0219308484289602,share_soybean,112,NA,NA
milk,AOP - AOC,AOP - AOC,NA__AOP - AOC,6568.85091721828,1867.50804894298,yield_l_panim,38,-231.85574195119,0.474054156549308
milk,Conventionnel,Conventionnel,NA__AOP - AOC,6825.30844372065,1805.54339692702,yield_l_panim,112,NA,NA
milk,AOP - AOC,AOP - AOC,NA__AOP - AOC,3282.74780264189,838.676371860711,yield_l_pha,38,-192.143175070025,0.115738980862663
milk,Conventionnel,Conventionnel,NA__AOP - AOC,3489.23835544066,1005.99862407118,yield_l_pha,112,NA,NA
milk,AOP - AOC,AOP - AOC,NA__AOP - AOC,99.6399080026228,94.2834007351893,feed_A.3.1_max,38,0.748395276232526,0.841083523340545
milk,Conventionnel,Conventionnel,NA__AOP - AOC,97.0136749464178,91.6373080725773,feed_A.3.1_max,112,NA,NA
milk,AOP - AOC,AOP - AOC,NA__AOP - AOC,342.992146283705,224.909276684223,feed_A.4.5_max,38,7.06961190125564,0.344815366492594
milk,Conventionnel,Conventionnel,NA__AOP - AOC,337.727466160151,224.648924127035,feed_A.4.5_max,112,NA,NA
milk,AOP - AOC,AOP - AOC,NA__AOP - AOC,122.844897007633,84.8685434895035,feed_A.4.5_min_max,38,0.580376297071227,0.886820774890805
milk,Conventionnel,Conventionnel,NA__AOP - AOC,122.01426065864,80.549955600614,feed_A.4.5_min_max,112,NA,NA
milk,AOP - AOC,AOP - AOC,NA__AOP - AOC,252.227223279632,259.849640953481,feed_A.4.5_org_max,38,6.76766040479326,0.31023135807103
milk,Conventionnel,Conventionnel,NA__AOP - AOC,248.797042775534,263.199594044422,feed_A.4.5_org_max,112,NA,NA
milk,AOP - AOC,AOP - AOC,NA__AOP - AOC,182.901158980449,188.768263759572,feed_A.5.1_max,38,3.94850625461498,0.521091636692864
milk,Conventionnel,Conventionnel,NA__AOP - AOC,181.335673763706,189.338902444974,feed_A.5.1_max,112,NA,NA
milk,AOP - AOC,AOP - AOC,NA__AOP - AOC,6663.28930066276,3248.69223655489,feed_yield,38,-13.1513217786136,0.914799247525752
milk,Conventionnel,Conventionnel,NA__AOP - AOC,6595.84124605644,3346.93382729644,feed_yield,112,NA,NA
milk,AB,AB,NA__AB,0.0935407521318799,0.0185323965843486,BVI_ha,59,-0.0713322441881194,2.83962859770191e-25
milk,Conventionnel,Conventionnel,NA__AB,0.164872996319999,0.0350654909702719,BVI_ha,177,NA,NA
milk,AB,AB,NA__AB,6.03975574320913e-05,6.40279936225272e-05,BVI_kg,59,1.92606701095355e-06,0.824042111230944
milk,Conventionnel,Conventionnel,NA__AB,5.84714904211378e-05,1.7037485965421e-05,BVI_kg,177,NA,NA
milk,AB,AB,NA__AB,0.945918386977249,0.378674751588875,cow_pMFA,59,-0.336758211012714,1.61180319367762e-08
milk,Conventionnel,Conventionnel,NA__AB,1.28267659798996,0.543281487678785,cow_pMFA,177,NA,NA
milk,AB,AB,NA__AB,0.755302650892321,0.175684283356568,feed_autonomy,59,0.128467866916585,1.45116301184439e-06
milk,Conventionnel,Conventionnel,NA__AB,0.626834783975736,0.138023666836466,feed_autonomy,177,NA,NA
milk,AB,AB,NA__AB,0.278414300690325,0.23224648284031,grassland_share_pseudofarm,59,0.0363300062553269,0.188775415227478
milk,Conventionnel,Conventionnel,NA__AB,0.242084294434998,0.182073203032387,grassland_share_pseudofarm,177,NA,NA
milk,AB,AB,NA__AB,0.297326932429485,0.2741507711608,ha_temp_pasture_pha_pseudofarm,59,0.164891372353367,2.83663168549059e-05
milk,Conventionnel,Conventionnel,NA__AB,0.135592839530084,0.132004174637523,ha_temp_pasture_pha_pseudofarm,177,NA,NA
milk,AB,AB,NA__AB,1462.22543871533,716.525774899815,kg_DM_panim_maize_produced,59,-1752.91807819694,1.22683970093826e-06
milk,Conventionnel,Conventionnel,NA__AB,2996.55088148708,1372.67962525696,kg_DM_panim_maize_produced,177,NA,NA
milk,AB,AB,NA__AB,1.20253215590077,0.424690595369497,MFA_pcow,59,0.29246125003461,4.75713563618655e-07
milk,Conventionnel,Conventionnel,NA__AB,0.910070905866155,0.389917057409478,MFA_pcow,177,NA,NA
milk,AB,AB,NA__AB,0.605662401615675,0.202712669299131,MFA_pha_pseudofarm,59,0.135646621985222,2.31668921830799e-05
milk,Conventionnel,Conventionnel,NA__AB,0.470015779630453,0.164718358773461,MFA_pha_pseudofarm,177,NA,NA
milk,AB,AB,NA__AB,0.554224005295922,0.246144088408898,nb_cow_pha,59,0.00831416524973234,0.778377563069217
milk,Conventionnel,Conventionnel,NA__AB,0.545909840046189,0.184407396022656,nb_cow_pha,177,NA,NA
milk,AB,AB,NA__AB,0.233980521419953,0.179466139805233,share_concent,59,-0.139895121905559,2.05896736665458e-07
milk,Conventionnel,Conventionnel,NA__AB,0.373875643325512,0.139414094603538,share_concent,177,NA,NA
milk,AB,AB,NA__AB,0.0344640677297455,0.0296834955182128,share_soybean,59,-0.0237795937420032,5.19019406804158e-07
milk,Conventionnel,Conventionnel,NA__AB,0.0582436614717487,0.0238265625191527,share_soybean,177,NA,NA
milk,AB,AB,NA__AB,4783.0297758319,1501.91995855167,yield_l_panim,59,-2133.68667531399,4.13378995835411e-13
milk,Conventionnel,Conventionnel,NA__AB,6916.71645114588,1730.08180173422,yield_l_panim,177,NA,NA
milk,AB,AB,NA__AB,2533.59538822372,1169.32291194292,yield_l_pha,59,-1109.5574984159,6.61954350459878e-11
milk,Conventionnel,Conventionnel,NA__AB,3643.15288663962,1183.55952523564,yield_l_pha,177,NA,NA
milk,AB,AB,NA__AB,87.9091231058394,93.0445731944148,feed_A.3.1_max,59,-8.27509392104998,0.0205080861706462
milk,Conventionnel,Conventionnel,NA__AB,96.8084942069757,92.1219252382096,feed_A.3.1_max,177,NA,NA
milk,AB,AB,NA__AB,297.5331326534,220.934110616191,feed_A.4.5_max,59,-36.8350871842323,5.56165358413887e-07
milk,Conventionnel,Conventionnel,NA__AB,334.771683019014,220.335991289276,feed_A.4.5_max,177,NA,NA
milk,AB,AB,NA__AB,28.6974248103845,83.2168097709658,feed_A.4.5_min_max,59,-88.2588977670367,5.31460194996177e-45
milk,Conventionnel,Conventionnel,NA__AB,117.653811798769,80.0928605414339,feed_A.4.5_min_max,177,NA,NA
milk,AB,AB,NA__AB,302.605093996965,230.586313455668,feed_A.4.5_org_max,59,52.6283805069251,1.18579994478622e-10
milk,Conventionnel,Conventionnel,NA__AB,250.463160224316,257.62913628952,feed_A.4.5_org_max,177,NA,NA
milk,AB,AB,NA__AB,84.8089440601526,217.880185016608,feed_A.5.1_max,59,-86.2344185109426,1.54740090785399e-26
milk,Conventionnel,Conventionnel,NA__AB,172.561171848978,192.962987987306,feed_A.5.1_max,177,NA,NA
milk,AB,AB,NA__AB,5105.53531797153,3122.8156619845,feed_yield,59,-1360.0444972697,2.63231731470391e-16
milk,Conventionnel,Conventionnel,NA__AB,6476.73059390856,3256.80932404078,feed_yield,177,NA,NA
117,Melange cereales d'ete,AB,Melange cereales d'ete__AB,0.0993926813162311,0.0273583806786611,BVI_ha,41,-0.0725800102221977,7.81609596234162e-12
117,Melange cereales d'ete,Conventionnel,Melange cereales d'ete__AB,0.157560969759608,0.0631111280631602,BVI_ha,81,NA,NA
117,Melange cereales d'ete,AB,Melange cereales d'ete__AB,3.79735273507713e-05,2.03789733462046e-05,BVI_kg,41,-9.73120620197478e-06,0.0433575488662746
117,Melange cereales d'ete,Conventionnel,Melange cereales d'ete__AB,4.4159195740663e-05,2.88886348117232e-05,BVI_kg,81,NA,NA
117,Melange cereales d'ete,AB,Melange cereales d'ete__AB,31.0136386779847,43.9664683154928,A.3.1_max,41,-16.9521390974448,0.0559571142220344
117,Melange cereales d'ete,Conventionnel,Melange cereales d'ete__AB,40.2301682486128,40.8609479331077,A.3.1_max,81,NA,NA
117,Melange cereales d'ete,AB,Melange cereales d'ete__AB,239.286288400657,161.213843435039,A.4.5_max,41,24.8495622348421,0.405179534629698
117,Melange cereales d'ete,Conventionnel,Melange cereales d'ete__AB,203.682590833489,92.0628536434842,A.4.5_max,81,NA,NA
117,Melange cereales d'ete,AB,Melange cereales d'ete__AB,0,0,A.4.5_min_max,41,-119.241251377499,1.80200113109574e-14
117,Melange cereales d'ete,Conventionnel,Melange cereales d'ete__AB,107.910033050002,68.2979264058989,A.4.5_min_max,81,NA,NA
117,Melange cereales d'ete,AB,Melange cereales d'ete__AB,240.451947588124,165.107545792286,A.4.5_org_max,41,146.089310118439,4.91940091266741e-06
117,Melange cereales d'ete,Conventionnel,Melange cereales d'ete__AB,94.8592150411492,66.585166301628,A.4.5_org_max,81,NA,NA
117,Melange cereales d'ete,AB,Melange cereales d'ete__AB,0.923088491577233,2.21894276500483,A.5.1_max,41,-52.0914878645714,7.35262880589071e-10
117,Melange cereales d'ete,Conventionnel,Melange cereales d'ete__AB,43.2157206226994,44.3496362959123,A.5.1_max,81,NA,NA
117,Melange cereales d'ete,AB,Melange cereales d'ete__AB,3118.50923486428,1215.85196567072,yield,41,-1009.5959655,9.62436778525009e-05
117,Melange cereales d'ete,Conventionnel,Melange cereales d'ete__AB,4068.59202533112,1272.10119571662,yield,81,NA,NA
118,Mais grain,AB,Mais grain__AB,0.138821645595085,0.0407325994297885,BVI_ha,33,-0.0924831154289395,1.41290189897178e-11
118,Mais grain,Conventionnel,Mais grain__AB,0.231304761024025,0.0821596889821994,BVI_ha,99,NA,NA
118,Mais grain,AB,Mais grain__AB,3.65947758137932e-05,1.77345487274287e-05,BVI_kg,33,-8.03534853387492e-07,0.857364317734666
118,Mais grain,Conventionnel,Mais grain__AB,3.73983106671807e-05,2.61380759568388e-05,BVI_kg,99,NA,NA
118,Mais grain,AB,Mais grain__AB,59.8025606347381,46.681402738975,A.3.1_max,33,-4.80750635585896,0.625030414734962
118,Mais grain,Conventionnel,Mais grain__AB,64.610066990597,63.4612294935693,A.3.1_max,99,NA,NA
118,Mais grain,AB,Mais grain__AB,425.518378676904,266.512243564578,A.4.5_max,33,109.449050689487,0.0275134723916291
118,Mais grain,Conventionnel,Mais grain__AB,316.069327987417,170.653405064374,A.4.5_max,99,NA,NA
118,Mais grain,AB,Mais grain__AB,0,0,A.4.5_min_max,33,-154.841009970588,2.2770150457794e-20
118,Mais grain,Conventionnel,Mais grain__AB,154.841009970588,67.1083291021365,A.4.5_min_max,99,NA,NA
118,Mais grain,AB,Mais grain__AB,432.03547322501,275.021246524958,A.4.5_org_max,33,272.547455416547,3.83789563876394e-06
118,Mais grain,Conventionnel,Mais grain__AB,159.488017808464,174.571974300111,A.4.5_org_max,99,NA,NA
118,Mais grain,AB,Mais grain__AB,3.37213626719884,8.09600864016637,A.5.1_max,33,-79.7297816169893,1.02381459651942e-18
118,Mais grain,Conventionnel,Mais grain__AB,83.1019178841882,39.7643944137251,A.5.1_max,99,NA,NA
118,Mais grain,AB,Mais grain__AB,4636.54015507015,2335.35249518,yield,33,-2845.57372574742,4.61947966598778e-06
118,Mais grain,Conventionnel,Mais grain__AB,7482.11388081757,3101.86660329844,yield,99,NA,NA
111,Ble tendre,Conventionnel,Ble tendre__LR,0.218013888935896,0.0748256086655721,BVI_ha,291,NA,NA
111,Ble tendre,LR,Ble tendre__LR,0.230290356790979,0.0637013622421839,BVI_ha,97,0.0122764678550834,0.087044093845416
111,Ble tendre,Conventionnel,Ble tendre__LR,4.36165982124824e-05,6.15012946810025e-05,BVI_kg,291,NA,NA
111,Ble tendre,LR,Ble tendre__LR,3.95298885622205e-05,1.63617730216571e-05,BVI_kg,97,-4.0867096502619e-06,0.276522647124956
111,Ble tendre,Conventionnel,Ble tendre__LR,55.8873406567815,46.206386789961,A.3.1_max,291,NA,NA
111,Ble tendre,LR,Ble tendre__LR,61.8622197943781,49.0789441422445,A.3.1_max,97,5.97487913759667,0.263166154453875
111,Ble tendre,Conventionnel,Ble tendre__LR,241.156750194972,140.536778331429,A.4.5_max,291,NA,NA
111,Ble tendre,LR,Ble tendre__LR,234.405882262953,79.7296647733931,A.4.5_max,97,-6.7508679320191,0.551668280953401
111,Ble tendre,Conventionnel,Ble tendre__LR,171.858436327929,69.3563902573136,A.4.5_min_max,291,NA,NA
111,Ble tendre,LR,Ble tendre__LR,192.67405407255,54.6004515952155,A.4.5_min_max,97,20.8156177446209,0.00164688684979639
111,Ble tendre,Conventionnel,Ble tendre__LR,56.9978287845716,123.80189837983,A.4.5_org_max,291,NA,NA
111,Ble tendre,LR,Ble tendre__LR,32.8885419387565,47.2274658826071,A.4.5_org_max,97,-24.109286845815,0.00594499581487077
111,Ble tendre,Conventionnel,Ble tendre__LR,140.835525105113,72.4633181733771,A.5.1_max,291,NA,NA
111,Ble tendre,LR,Ble tendre__LR,156.580257948336,67.9310548046815,A.5.1_max,97,15.7447328432226,0.0403272144149296
111,Ble tendre,Conventionnel,Ble tendre__LR,6036.31519751949,1978.35460231388,yield,291,NA,NA
111,Ble tendre,LR,Ble tendre__LR,6323.5071025331,1963.08193705008,yield,97,287.191905013605,0.108341309411976
111,Ble tendre,AB,Ble tendre__AB,0.111164932559763,0.0448074705730281,BVI_ha,81,-0.100419026320289,3.18678024005075e-29
111,Ble tendre,Conventionnel,Ble tendre__AB,0.211583958880052,0.0733530925123977,BVI_ha,243,NA,NA
111,Ble tendre,AB,Ble tendre__AB,4.14701554970735e-05,2.53069551177567e-05,BVI_kg,81,6.06526072053528e-06,0.044772557977873
111,Ble tendre,Conventionnel,Ble tendre__AB,3.54048947765382e-05,1.6377205363423e-05,BVI_kg,243,NA,NA
111,Ble tendre,AB,Ble tendre__AB,51.2426381300676,59.8282309015976,A.3.1_max,81,-3.27388823789406,0.634349520266881
111,Ble tendre,Conventionnel,Ble tendre__AB,54.5165263679616,49.0711038002587,A.3.1_max,243,NA,NA
111,Ble tendre,AB,Ble tendre__AB,205.797412064678,194.580035947301,A.4.5_max,81,-14.8232164937774,0.518794857580319
111,Ble tendre,Conventionnel,Ble tendre__AB,220.620628558455,109.222107214769,A.4.5_max,243,NA,NA
111,Ble tendre,AB,Ble tendre__AB,0,0,A.4.5_min_max,81,-171.437424513682,1.56311229919065e-47
111,Ble tendre,Conventionnel,Ble tendre__AB,171.437424513682,72.8812066562986,A.4.5_min_max,243,NA,NA
111,Ble tendre,AB,Ble tendre__AB,206.97746210631,198.020192457947,A.4.5_org_max,81,165.370990376268,8.29590436169248e-10
111,Ble tendre,Conventionnel,Ble tendre__AB,41.6064717300423,85.6098206532661,A.4.5_org_max,243,NA,NA
111,Ble tendre,AB,Ble tendre__AB,6.51471488906772,15.1842150213008,A.5.1_max,81,-133.877557288663,4.8044091329484e-34
111,Ble tendre,Conventionnel,Ble tendre__AB,140.392272177731,77.3994883015883,A.5.1_max,243,NA,NA
111,Ble tendre,AB,Ble tendre__AB,3361.25446907165,1792.47856841044,yield,81,-3132.26451959535,4.99988341397158e-19
111,Ble tendre,Conventionnel,Ble tendre__AB,6493.51898866701,2141.86396304021,yield,243,NA,NA
122,Autres cereales,AB,Autres cereales__AB,0.107021075313219,0.036035938249404,BVI_ha,35,-0.0781228478071945,2.82074295573427e-09
122,Autres cereales,Conventionnel,Autres cereales__AB,0.179274956755933,0.074386466180416,BVI_ha,91,NA,NA
122,Autres cereales,AB,Autres cereales__AB,7.3078393455537e-05,9.63920960774929e-05,BVI_kg,35,-4.70585241445286e-05,0.089372013273506
122,Autres cereales,Conventionnel,Autres cereales__AB,0.000107780954481548,0.000136076533673864,BVI_kg,91,NA,NA
122,Autres cereales,AB,Autres cereales__AB,44.0155120646188,48.1423939581738,A.3.1_max,35,-4.68659147253638,0.631746628537712
122,Autres cereales,Conventionnel,Autres cereales__AB,46.8157983213017,45.592531781283,A.3.1_max,91,NA,NA
122,Autres cereales,AB,Autres cereales__AB,218.505799395693,149.038301072406,A.4.5_max,35,1.55913042161209,0.956547451019739
122,Autres cereales,Conventionnel,Autres cereales__AB,211.428673840491,121.868121794327,A.4.5_max,91,NA,NA
122,Autres cereales,AB,Autres cereales__AB,0,0,A.4.5_min_max,35,-127.562432794593,7.21427570453768e-15
122,Autres cereales,Conventionnel,Autres cereales__AB,123.963506679145,77.5396336430886,A.4.5_min_max,91,NA,NA
122,Autres cereales,AB,Autres cereales__AB,218.505799395693,149.038301072406,A.4.5_org_max,35,127.448644219965,0.000294471338578901
122,Autres cereales,Conventionnel,Autres cereales__AB,88.2034067468494,116.183102420605,A.4.5_org_max,91,NA,NA
122,Autres cereales,AB,Autres cereales__AB,3.05996720762862,9.4577107485609,A.5.1_max,35,-72.9659534302096,4.69276144325909e-10
122,Autres cereales,Conventionnel,Autres cereales__AB,68.2438798742608,55.9860988070089,A.5.1_max,91,NA,NA
122,Autres cereales,AB,Autres cereales__AB,2552.12967438081,1161.02119098645,yield,35,-715.319502650859,0.0310231649532612
122,Autres cereales,Conventionnel,Autres cereales__AB,3361.16284102846,1995.29468779258,yield,91,NA,NA
